fitness,avg_travel,avg_wait,avg_queue,jam_penalty,generation,individual
2821.821955172407,18.089655172406786,115.22939999999994,8.849,2560.0,0,1
