scenario,run_id,fitness,avg_travel,avg_wait,avg_queue,jam_penalty,flow,eval_time,sim_time_sec,total_veh
1_arista,20250815T151411,2174.515327218288,355.44230312247515,355.44230312247515,11.460006653676157,114.60006653676157,2.3763129128843685e-05,87.688640832901,42082.0,1
