scenario,run_id,fitness,avg_travel,avg_wait,avg_queue,jam_penalty,flow,eval_time,sim_time_sec,total_veh
1_arista,20250815T151411,2174.515327218288,355.44230312247515,355.44230312247515,11.460006653676157,114.60006653676157,2.3763129128843685e-05,87.688640832901,42082.0,1
1_arista,20250815T175241,-139.2038087520259,1446.9096096704484,1446.9096096704484,24.53845894111291,245.3845894111291,0.0337655321447866,90.02583765983582,29.616,1
1_arista,20250815T181453,-1000000000.0,,,,,,46.95293879508972,,
1_arista,20250815T183129,-1000000000.0,,,,,,189.9586465358734,,
