fitness,avg_travel,avg_wait,avg_queue,jam_penalty,generation,individual
1925.7183983606483,17.75409836064857,68.5506499999999,7.242,1760.0,0,1
